Title,Company,Location,Apply
UI/UX Designer (internship),MindPal,"New York, United States",https://www.linkedin.com/jobs/view/ui-ux-designer-internship-at-mindpal-3708510304?refId=zdUr0FgkVDGMWkWw2x0iNg%3D%3D&trackingId=EmM1OWHFqQ%2FDPn85xHUiYQ%3D%3D&position=1&pageNum=0&trk=public_jobs_jserp-result_search-card
UI/UX Designer (internship),MindPal,"Philadelphia, PA",https://www.linkedin.com/jobs/view/ui-ux-designer-internship-at-mindpal-3708513031?refId=zdUr0FgkVDGMWkWw2x0iNg%3D%3D&trackingId=ogczeYAWk6vGXrwHXq%2FYWw%3D%3D&position=2&pageNum=0&trk=public_jobs_jserp-result_search-card
UI/UX Designer (internship),MindPal,"San Francisco, CA",https://www.linkedin.com/jobs/view/ui-ux-designer-internship-at-mindpal-3708510300?refId=zdUr0FgkVDGMWkWw2x0iNg%3D%3D&trackingId=UnwUZcYS0rgdtkp95oZozw%3D%3D&position=3&pageNum=0&trk=public_jobs_jserp-result_search-card
UI/UX Designer (internship),MindPal,"Los Angeles, CA",https://www.linkedin.com/jobs/view/ui-ux-designer-internship-at-mindpal-3708507730?refId=zdUr0FgkVDGMWkWw2x0iNg%3D%3D&trackingId=W%2FlAZHZIqe6cxqgp470mIQ%3D%3D&position=4&pageNum=0&trk=public_jobs_jserp-result_search-card
UI/UX Designer (internship),MindPal,"San Jose, CA",https://www.linkedin.com/jobs/view/ui-ux-designer-internship-at-mindpal-3708509585?refId=zdUr0FgkVDGMWkWw2x0iNg%3D%3D&trackingId=9o6c550rCLey5%2F4cKyJTFg%3D%3D&position=5&pageNum=0&trk=public_jobs_jserp-result_search-card
UI/UX Designer (internship),MindPal,"Chicago, IL",https://www.linkedin.com/jobs/view/ui-ux-designer-internship-at-mindpal-3708509715?refId=zdUr0FgkVDGMWkWw2x0iNg%3D%3D&trackingId=IxG9QbTr%2FOjn%2FTVBOpT%2FyQ%3D%3D&position=6&pageNum=0&trk=public_jobs_jserp-result_search-card
UI/UX Designer (internship),MindPal,"Tampa, FL",https://www.linkedin.com/jobs/view/ui-ux-designer-internship-at-mindpal-3708511408?refId=zdUr0FgkVDGMWkWw2x0iNg%3D%3D&trackingId=NYPNtW2gjxPa6cQoixzxaQ%3D%3D&position=7&pageNum=0&trk=public_jobs_jserp-result_search-card
UI/UX Designer (internship),MindPal,"Boston, MA",https://www.linkedin.com/jobs/view/ui-ux-designer-internship-at-mindpal-3708506862?refId=zdUr0FgkVDGMWkWw2x0iNg%3D%3D&trackingId=Sh0wzrDPUsjliA7jYiW9nQ%3D%3D&position=8&pageNum=0&trk=public_jobs_jserp-result_search-card
UI/UX Designer (internship),MindPal,"Seattle, WA",https://www.linkedin.com/jobs/view/ui-ux-designer-internship-at-mindpal-3708510339?refId=zdUr0FgkVDGMWkWw2x0iNg%3D%3D&trackingId=O8gbUyhlQJsJZOq904Ee5w%3D%3D&position=9&pageNum=0&trk=public_jobs_jserp-result_search-card
UI/UX Designer,AddSource,United States,https://www.linkedin.com/jobs/view/ui-ux-designer-at-addsource-3716015218?refId=zdUr0FgkVDGMWkWw2x0iNg%3D%3D&trackingId=jd1G5IYEnImmRdCQ9fl2zQ%3D%3D&position=10&pageNum=0&trk=public_jobs_jserp-result_search-card
UI/UX Designer (internship),MindPal,"Atlanta, GA",https://www.linkedin.com/jobs/view/ui-ux-designer-internship-at-mindpal-3708506982?refId=zdUr0FgkVDGMWkWw2x0iNg%3D%3D&trackingId=rT2xyRhCZvXWchTTSCBgDg%3D%3D&position=11&pageNum=0&trk=public_jobs_jserp-result_search-card
UI/UX Designer (internship),MindPal,"Austin, TX",https://www.linkedin.com/jobs/view/ui-ux-designer-internship-at-mindpal-3708509633?refId=zdUr0FgkVDGMWkWw2x0iNg%3D%3D&trackingId=0XOrxkwrRBaJ3OY5ZsTKMQ%3D%3D&position=12&pageNum=0&trk=public_jobs_jserp-result_search-card
UI / UX Designer,Chicago Bulls,"Chicago, IL",https://www.linkedin.com/jobs/view/ui-ux-designer-at-chicago-bulls-3707583475?refId=zdUr0FgkVDGMWkWw2x0iNg%3D%3D&trackingId=wkZTKFwJflTwAEWQMBT2QA%3D%3D&position=13&pageNum=0&trk=public_jobs_jserp-result_search-card
UI/UX Designer,PathSpot,"New York, NY",https://www.linkedin.com/jobs/view/ui-ux-designer-at-pathspot-3667162946?refId=zdUr0FgkVDGMWkWw2x0iNg%3D%3D&trackingId=qAMaTcrINhrfoAlN5dXe3A%3D%3D&position=14&pageNum=0&trk=public_jobs_jserp-result_search-card
UI/UX Designer (internship),MindPal,"Orlando, FL",https://www.linkedin.com/jobs/view/ui-ux-designer-internship-at-mindpal-3708510313?refId=zdUr0FgkVDGMWkWw2x0iNg%3D%3D&trackingId=UED3DCDFZVHAwlsdZvrhzQ%3D%3D&position=15&pageNum=0&trk=public_jobs_jserp-result_search-card
UI/UX Designer (internship),MindPal,"Dallas, TX",https://www.linkedin.com/jobs/view/ui-ux-designer-internship-at-mindpal-3708512049?refId=zdUr0FgkVDGMWkWw2x0iNg%3D%3D&trackingId=JzDs0EfuRSFkAgmwt1%2B8NQ%3D%3D&position=16&pageNum=0&trk=public_jobs_jserp-result_search-card
UI/UX Designer (internship),MindPal,"William Paterson University of New Jersey, NJ",https://www.linkedin.com/jobs/view/ui-ux-designer-internship-at-mindpal-3708510318?refId=zdUr0FgkVDGMWkWw2x0iNg%3D%3D&trackingId=lxDlhWyA2RZ%2BMQYob6fmDg%3D%3D&position=17&pageNum=0&trk=public_jobs_jserp-result_search-card
UI/UX Designer (internship),MindPal,"Detroit, MI",https://www.linkedin.com/jobs/view/ui-ux-designer-internship-at-mindpal-3708506845?refId=zdUr0FgkVDGMWkWw2x0iNg%3D%3D&trackingId=9JVvqsm8wmD4I8TilAnENA%3D%3D&position=18&pageNum=0&trk=public_jobs_jserp-result_search-card
"UX, UI and/or Hybrid Designers",HOO KOO E KOO,United States,https://www.linkedin.com/jobs/view/ux-ui-and-or-hybrid-designers-at-hoo-koo-e-koo-3719413171?refId=zdUr0FgkVDGMWkWw2x0iNg%3D%3D&trackingId=QJQ5sEL1Ajgb0CBhLEycSw%3D%3D&position=19&pageNum=0&trk=public_jobs_jserp-result_search-card
UI/UX Designer (internship),MindPal,"Indianapolis, IN",https://www.linkedin.com/jobs/view/ui-ux-designer-internship-at-mindpal-3708512037?refId=zdUr0FgkVDGMWkWw2x0iNg%3D%3D&trackingId=kS%2BbgM3HOi%2FM2GF4GD7v1g%3D%3D&position=20&pageNum=0&trk=public_jobs_jserp-result_search-card
UI/UX Designer (internship),MindPal,"Nashville, TN",https://www.linkedin.com/jobs/view/ui-ux-designer-internship-at-mindpal-3708514008?refId=zdUr0FgkVDGMWkWw2x0iNg%3D%3D&trackingId=1OQgGIZajfhcFSCZ0ruqgg%3D%3D&position=21&pageNum=0&trk=public_jobs_jserp-result_search-card
UI/UX Designer (internship),MindPal,"Newark, NJ",https://www.linkedin.com/jobs/view/ui-ux-designer-internship-at-mindpal-3708511374?refId=zdUr0FgkVDGMWkWw2x0iNg%3D%3D&trackingId=t5Y9aS%2BsUHaKFbOAMwHotg%3D%3D&position=22&pageNum=0&trk=public_jobs_jserp-result_search-card
UI/UX Designer (internship),MindPal,"Minneapolis, MN",https://www.linkedin.com/jobs/view/ui-ux-designer-internship-at-mindpal-3708512061?refId=zdUr0FgkVDGMWkWw2x0iNg%3D%3D&trackingId=PChdzFrJqSkhNA9u2mwZ6w%3D%3D&position=23&pageNum=0&trk=public_jobs_jserp-result_search-card
UI/UX Designer (internship),MindPal,"Warren, MI",https://www.linkedin.com/jobs/view/ui-ux-designer-internship-at-mindpal-3708511214?refId=zdUr0FgkVDGMWkWw2x0iNg%3D%3D&trackingId=L1hUKiLrfgca9jSI%2F5eGRA%3D%3D&position=24&pageNum=0&trk=public_jobs_jserp-result_search-card
UI/UX Designer (internship),MindPal,"Miami, FL",https://www.linkedin.com/jobs/view/ui-ux-designer-internship-at-mindpal-3708510324?refId=zdUr0FgkVDGMWkWw2x0iNg%3D%3D&trackingId=Q3yP8KR%2F%2FjO%2FUviIIZMcZA%3D%3D&position=25&pageNum=0&trk=public_jobs_jserp-result_search-card
UI/UX Designer (internship),MindPal,"New York, United States",https://www.linkedin.com/jobs/view/ui-ux-designer-internship-at-mindpal-3708510304?refId=qZ%2BNLWVbibVkyA43%2BFht2Q%3D%3D&trackingId=fP6mV3H60iYEJciRGEtMHA%3D%3D&position=1&pageNum=0&trk=public_jobs_jserp-result_search-card
UI/UX Designer (internship),MindPal,"Philadelphia, PA",https://www.linkedin.com/jobs/view/ui-ux-designer-internship-at-mindpal-3708513031?refId=qZ%2BNLWVbibVkyA43%2BFht2Q%3D%3D&trackingId=w6prYp2aE344e1noppvp2A%3D%3D&position=2&pageNum=0&trk=public_jobs_jserp-result_search-card
UI/UX Designer (internship),MindPal,"San Francisco, CA",https://www.linkedin.com/jobs/view/ui-ux-designer-internship-at-mindpal-3708510300?refId=qZ%2BNLWVbibVkyA43%2BFht2Q%3D%3D&trackingId=k7aXYMXI4Twn%2FV6aXuOMfg%3D%3D&position=3&pageNum=0&trk=public_jobs_jserp-result_search-card
UI/UX Designer (internship),MindPal,"Los Angeles, CA",https://www.linkedin.com/jobs/view/ui-ux-designer-internship-at-mindpal-3708507730?refId=qZ%2BNLWVbibVkyA43%2BFht2Q%3D%3D&trackingId=9Xtvb%2B8hvU5Ux17CdLWFHg%3D%3D&position=4&pageNum=0&trk=public_jobs_jserp-result_search-card
UI/UX Designer (internship),MindPal,"San Jose, CA",https://www.linkedin.com/jobs/view/ui-ux-designer-internship-at-mindpal-3708509585?refId=qZ%2BNLWVbibVkyA43%2BFht2Q%3D%3D&trackingId=Ub6aZZUmj3Eg11d8q%2BekHA%3D%3D&position=5&pageNum=0&trk=public_jobs_jserp-result_search-card
UI/UX Designer (internship),MindPal,"Chicago, IL",https://www.linkedin.com/jobs/view/ui-ux-designer-internship-at-mindpal-3708509715?refId=qZ%2BNLWVbibVkyA43%2BFht2Q%3D%3D&trackingId=9oCqbuhhJ6%2FhuyuXcK0L5A%3D%3D&position=6&pageNum=0&trk=public_jobs_jserp-result_search-card
UI/UX Designer (internship),MindPal,"Tampa, FL",https://www.linkedin.com/jobs/view/ui-ux-designer-internship-at-mindpal-3708511408?refId=qZ%2BNLWVbibVkyA43%2BFht2Q%3D%3D&trackingId=EFen8svGryxdLdDmEXf0Qw%3D%3D&position=7&pageNum=0&trk=public_jobs_jserp-result_search-card
UI/UX Designer (internship),MindPal,"Boston, MA",https://www.linkedin.com/jobs/view/ui-ux-designer-internship-at-mindpal-3708506862?refId=qZ%2BNLWVbibVkyA43%2BFht2Q%3D%3D&trackingId=%2FE9aB6mvMRnFMZHzs9Bsew%3D%3D&position=8&pageNum=0&trk=public_jobs_jserp-result_search-card
UI/UX Designer (internship),MindPal,"Seattle, WA",https://www.linkedin.com/jobs/view/ui-ux-designer-internship-at-mindpal-3708510339?refId=qZ%2BNLWVbibVkyA43%2BFht2Q%3D%3D&trackingId=nmEAzeisWU2SdigSUcJG7w%3D%3D&position=9&pageNum=0&trk=public_jobs_jserp-result_search-card
UI/UX Designer,AddSource,United States,https://www.linkedin.com/jobs/view/ui-ux-designer-at-addsource-3716015218?refId=qZ%2BNLWVbibVkyA43%2BFht2Q%3D%3D&trackingId=HNvOu6N%2F0fo5IWPIMPc6EA%3D%3D&position=10&pageNum=0&trk=public_jobs_jserp-result_search-card
UI/UX Designer (internship),MindPal,"Atlanta, GA",https://www.linkedin.com/jobs/view/ui-ux-designer-internship-at-mindpal-3708506982?refId=qZ%2BNLWVbibVkyA43%2BFht2Q%3D%3D&trackingId=t1nR4%2BpRlYBcmJqrItrwAA%3D%3D&position=11&pageNum=0&trk=public_jobs_jserp-result_search-card
UI/UX Designer (internship),MindPal,"Austin, TX",https://www.linkedin.com/jobs/view/ui-ux-designer-internship-at-mindpal-3708509633?refId=qZ%2BNLWVbibVkyA43%2BFht2Q%3D%3D&trackingId=p2YTLavUhcVRBK5mLbTVGA%3D%3D&position=12&pageNum=0&trk=public_jobs_jserp-result_search-card
UI / UX Designer,Chicago Bulls,"Chicago, IL",https://www.linkedin.com/jobs/view/ui-ux-designer-at-chicago-bulls-3707583475?refId=qZ%2BNLWVbibVkyA43%2BFht2Q%3D%3D&trackingId=sRx5TUph%2FMsPO%2BefN9SWGg%3D%3D&position=13&pageNum=0&trk=public_jobs_jserp-result_search-card
UI/UX Designer,PathSpot,"New York, NY",https://www.linkedin.com/jobs/view/ui-ux-designer-at-pathspot-3667162946?refId=qZ%2BNLWVbibVkyA43%2BFht2Q%3D%3D&trackingId=MeptHo09hgLAwKR8p3F9MA%3D%3D&position=14&pageNum=0&trk=public_jobs_jserp-result_search-card
UI/UX Designer (internship),MindPal,"Orlando, FL",https://www.linkedin.com/jobs/view/ui-ux-designer-internship-at-mindpal-3708510313?refId=qZ%2BNLWVbibVkyA43%2BFht2Q%3D%3D&trackingId=avvmrNeKTJ7sjO8pY4L8SQ%3D%3D&position=15&pageNum=0&trk=public_jobs_jserp-result_search-card
UI/UX Designer (internship),MindPal,"Dallas, TX",https://www.linkedin.com/jobs/view/ui-ux-designer-internship-at-mindpal-3708512049?refId=qZ%2BNLWVbibVkyA43%2BFht2Q%3D%3D&trackingId=W2%2F%2BqJo65O93WOK6F8D%2F%2Fg%3D%3D&position=16&pageNum=0&trk=public_jobs_jserp-result_search-card
UI/UX Designer (internship),MindPal,"William Paterson University of New Jersey, NJ",https://www.linkedin.com/jobs/view/ui-ux-designer-internship-at-mindpal-3708510318?refId=qZ%2BNLWVbibVkyA43%2BFht2Q%3D%3D&trackingId=k0Zu1pWV3R4hEHvaSjtDnA%3D%3D&position=17&pageNum=0&trk=public_jobs_jserp-result_search-card
UI/UX Designer (internship),MindPal,"Detroit, MI",https://www.linkedin.com/jobs/view/ui-ux-designer-internship-at-mindpal-3708506845?refId=qZ%2BNLWVbibVkyA43%2BFht2Q%3D%3D&trackingId=dRUAJfnWAXzCoL65Swd2Ng%3D%3D&position=18&pageNum=0&trk=public_jobs_jserp-result_search-card
"UX, UI and/or Hybrid Designers",HOO KOO E KOO,United States,https://www.linkedin.com/jobs/view/ux-ui-and-or-hybrid-designers-at-hoo-koo-e-koo-3719413171?refId=qZ%2BNLWVbibVkyA43%2BFht2Q%3D%3D&trackingId=yr8xDrvG6Fo7GBqQH3pPOA%3D%3D&position=19&pageNum=0&trk=public_jobs_jserp-result_search-card
UI/UX Designer (internship),MindPal,"Indianapolis, IN",https://www.linkedin.com/jobs/view/ui-ux-designer-internship-at-mindpal-3708512037?refId=qZ%2BNLWVbibVkyA43%2BFht2Q%3D%3D&trackingId=EuhZiLvm1PbMFHc6iWrbQA%3D%3D&position=20&pageNum=0&trk=public_jobs_jserp-result_search-card
UI/UX Designer (internship),MindPal,"Nashville, TN",https://www.linkedin.com/jobs/view/ui-ux-designer-internship-at-mindpal-3708514008?refId=qZ%2BNLWVbibVkyA43%2BFht2Q%3D%3D&trackingId=NBEAULNnhR1WDvCH0EuJUQ%3D%3D&position=21&pageNum=0&trk=public_jobs_jserp-result_search-card
UI/UX Designer (internship),MindPal,"Newark, NJ",https://www.linkedin.com/jobs/view/ui-ux-designer-internship-at-mindpal-3708511374?refId=qZ%2BNLWVbibVkyA43%2BFht2Q%3D%3D&trackingId=aj1nPegc4bLLpHP4hcn%2BGw%3D%3D&position=22&pageNum=0&trk=public_jobs_jserp-result_search-card
UI/UX Designer (internship),MindPal,"Minneapolis, MN",https://www.linkedin.com/jobs/view/ui-ux-designer-internship-at-mindpal-3708512061?refId=qZ%2BNLWVbibVkyA43%2BFht2Q%3D%3D&trackingId=o95Zuen3mKVcM1M4%2BfVwhg%3D%3D&position=23&pageNum=0&trk=public_jobs_jserp-result_search-card
UI/UX Designer (internship),MindPal,"Warren, MI",https://www.linkedin.com/jobs/view/ui-ux-designer-internship-at-mindpal-3708511214?refId=qZ%2BNLWVbibVkyA43%2BFht2Q%3D%3D&trackingId=nnq8TAKylz%2BUI%2BWMxgjxgQ%3D%3D&position=24&pageNum=0&trk=public_jobs_jserp-result_search-card
UI/UX Designer (internship),MindPal,"Miami, FL",https://www.linkedin.com/jobs/view/ui-ux-designer-internship-at-mindpal-3708510324?refId=qZ%2BNLWVbibVkyA43%2BFht2Q%3D%3D&trackingId=Iwi7qfQL3CfBhlTj%2BBOZCg%3D%3D&position=25&pageNum=0&trk=public_jobs_jserp-result_search-card
UI/UX Designer (internship),MindPal,"New York, United States",https://www.linkedin.com/jobs/view/ui-ux-designer-internship-at-mindpal-3708510304?refId=JGdcsNaMho4AoDZYxh6CNQ%3D%3D&trackingId=a8itXYn5v%2F8zhJRXz3i7mA%3D%3D&position=1&pageNum=0&trk=public_jobs_jserp-result_search-card
UI/UX Designer (internship),MindPal,"Philadelphia, PA",https://www.linkedin.com/jobs/view/ui-ux-designer-internship-at-mindpal-3708513031?refId=JGdcsNaMho4AoDZYxh6CNQ%3D%3D&trackingId=hO8SOjyKJaJE%2FJWsZ6epZA%3D%3D&position=2&pageNum=0&trk=public_jobs_jserp-result_search-card
UI/UX Designer (internship),MindPal,"San Francisco, CA",https://www.linkedin.com/jobs/view/ui-ux-designer-internship-at-mindpal-3708510300?refId=JGdcsNaMho4AoDZYxh6CNQ%3D%3D&trackingId=G9Xc4BralkDph%2BJa0UoiZg%3D%3D&position=3&pageNum=0&trk=public_jobs_jserp-result_search-card
UI/UX Designer (internship),MindPal,"Los Angeles, CA",https://www.linkedin.com/jobs/view/ui-ux-designer-internship-at-mindpal-3708507730?refId=JGdcsNaMho4AoDZYxh6CNQ%3D%3D&trackingId=qQV1NpxZgC3RqdkjzoVP1w%3D%3D&position=4&pageNum=0&trk=public_jobs_jserp-result_search-card
UI/UX Designer (internship),MindPal,"San Jose, CA",https://www.linkedin.com/jobs/view/ui-ux-designer-internship-at-mindpal-3708509585?refId=JGdcsNaMho4AoDZYxh6CNQ%3D%3D&trackingId=KpxeUnpHhs4JigIQsqPRTg%3D%3D&position=5&pageNum=0&trk=public_jobs_jserp-result_search-card
UI/UX Designer (internship),MindPal,"Chicago, IL",https://www.linkedin.com/jobs/view/ui-ux-designer-internship-at-mindpal-3708509715?refId=JGdcsNaMho4AoDZYxh6CNQ%3D%3D&trackingId=mwIsC3qCcT80VqN%2BJYNYpw%3D%3D&position=6&pageNum=0&trk=public_jobs_jserp-result_search-card
UI/UX Designer (internship),MindPal,"Tampa, FL",https://www.linkedin.com/jobs/view/ui-ux-designer-internship-at-mindpal-3708511408?refId=JGdcsNaMho4AoDZYxh6CNQ%3D%3D&trackingId=msxxIg6L7G20Ko0A7dkB%2Fg%3D%3D&position=7&pageNum=0&trk=public_jobs_jserp-result_search-card
UI/UX Designer (internship),MindPal,"Boston, MA",https://www.linkedin.com/jobs/view/ui-ux-designer-internship-at-mindpal-3708506862?refId=JGdcsNaMho4AoDZYxh6CNQ%3D%3D&trackingId=WEtVujX51KwU%2BdD2N8lDlg%3D%3D&position=8&pageNum=0&trk=public_jobs_jserp-result_search-card
UI/UX Designer (internship),MindPal,"Seattle, WA",https://www.linkedin.com/jobs/view/ui-ux-designer-internship-at-mindpal-3708510339?refId=JGdcsNaMho4AoDZYxh6CNQ%3D%3D&trackingId=1dRrbTPJ0j8aXnaUjq6IaA%3D%3D&position=9&pageNum=0&trk=public_jobs_jserp-result_search-card
UI/UX Designer,AddSource,United States,https://www.linkedin.com/jobs/view/ui-ux-designer-at-addsource-3716015218?refId=JGdcsNaMho4AoDZYxh6CNQ%3D%3D&trackingId=VEZ%2FMIKGhgZ219%2FhMPAyCw%3D%3D&position=10&pageNum=0&trk=public_jobs_jserp-result_search-card
UI/UX Designer (internship),MindPal,"Atlanta, GA",https://www.linkedin.com/jobs/view/ui-ux-designer-internship-at-mindpal-3708506982?refId=JGdcsNaMho4AoDZYxh6CNQ%3D%3D&trackingId=GogO%2F65B%2Bi4%2BeuS%2FrZ9hOA%3D%3D&position=11&pageNum=0&trk=public_jobs_jserp-result_search-card
UI/UX Designer (internship),MindPal,"Austin, TX",https://www.linkedin.com/jobs/view/ui-ux-designer-internship-at-mindpal-3708509633?refId=JGdcsNaMho4AoDZYxh6CNQ%3D%3D&trackingId=dEJQSoFiPLaZMbH8rALDug%3D%3D&position=12&pageNum=0&trk=public_jobs_jserp-result_search-card
UI / UX Designer,Chicago Bulls,"Chicago, IL",https://www.linkedin.com/jobs/view/ui-ux-designer-at-chicago-bulls-3707583475?refId=JGdcsNaMho4AoDZYxh6CNQ%3D%3D&trackingId=MwQJzsfChsFlqVctDhoeng%3D%3D&position=13&pageNum=0&trk=public_jobs_jserp-result_search-card
UI/UX Designer,PathSpot,"New York, NY",https://www.linkedin.com/jobs/view/ui-ux-designer-at-pathspot-3667162946?refId=JGdcsNaMho4AoDZYxh6CNQ%3D%3D&trackingId=FeLdZMmel60YM2dtew%2BOyA%3D%3D&position=14&pageNum=0&trk=public_jobs_jserp-result_search-card
UI/UX Designer (internship),MindPal,"Orlando, FL",https://www.linkedin.com/jobs/view/ui-ux-designer-internship-at-mindpal-3708510313?refId=JGdcsNaMho4AoDZYxh6CNQ%3D%3D&trackingId=z67HJxgrQowH9pv6RCzRcw%3D%3D&position=15&pageNum=0&trk=public_jobs_jserp-result_search-card
UI/UX Designer (internship),MindPal,"Dallas, TX",https://www.linkedin.com/jobs/view/ui-ux-designer-internship-at-mindpal-3708512049?refId=JGdcsNaMho4AoDZYxh6CNQ%3D%3D&trackingId=Nlchk5XuAP6O1aawMlBcdg%3D%3D&position=16&pageNum=0&trk=public_jobs_jserp-result_search-card
UI/UX Designer (internship),MindPal,"William Paterson University of New Jersey, NJ",https://www.linkedin.com/jobs/view/ui-ux-designer-internship-at-mindpal-3708510318?refId=JGdcsNaMho4AoDZYxh6CNQ%3D%3D&trackingId=2PSqor6dfUFxbPijLJ7%2FYQ%3D%3D&position=17&pageNum=0&trk=public_jobs_jserp-result_search-card
UI/UX Designer (internship),MindPal,"Detroit, MI",https://www.linkedin.com/jobs/view/ui-ux-designer-internship-at-mindpal-3708506845?refId=JGdcsNaMho4AoDZYxh6CNQ%3D%3D&trackingId=kMQyAbb0dAzkL1b5QiDqzw%3D%3D&position=18&pageNum=0&trk=public_jobs_jserp-result_search-card
"UX, UI and/or Hybrid Designers",HOO KOO E KOO,United States,https://www.linkedin.com/jobs/view/ux-ui-and-or-hybrid-designers-at-hoo-koo-e-koo-3719413171?refId=JGdcsNaMho4AoDZYxh6CNQ%3D%3D&trackingId=D1XjBTzIPxqMEiTMpv03FQ%3D%3D&position=19&pageNum=0&trk=public_jobs_jserp-result_search-card
UI/UX Designer (internship),MindPal,"Indianapolis, IN",https://www.linkedin.com/jobs/view/ui-ux-designer-internship-at-mindpal-3708512037?refId=JGdcsNaMho4AoDZYxh6CNQ%3D%3D&trackingId=oQQqR7RmB42bNYFpCs57Kg%3D%3D&position=20&pageNum=0&trk=public_jobs_jserp-result_search-card
UI/UX Designer (internship),MindPal,"Nashville, TN",https://www.linkedin.com/jobs/view/ui-ux-designer-internship-at-mindpal-3708514008?refId=JGdcsNaMho4AoDZYxh6CNQ%3D%3D&trackingId=4wTywiz3bx019YLy1vqxkQ%3D%3D&position=21&pageNum=0&trk=public_jobs_jserp-result_search-card
UI/UX Designer (internship),MindPal,"Newark, NJ",https://www.linkedin.com/jobs/view/ui-ux-designer-internship-at-mindpal-3708511374?refId=JGdcsNaMho4AoDZYxh6CNQ%3D%3D&trackingId=YRhz9jDqBbyJwqQAT78Fww%3D%3D&position=22&pageNum=0&trk=public_jobs_jserp-result_search-card
UI/UX Designer (internship),MindPal,"Minneapolis, MN",https://www.linkedin.com/jobs/view/ui-ux-designer-internship-at-mindpal-3708512061?refId=JGdcsNaMho4AoDZYxh6CNQ%3D%3D&trackingId=hL9NKYa20tJ%2BXjB4du9crg%3D%3D&position=23&pageNum=0&trk=public_jobs_jserp-result_search-card
UI/UX Designer (internship),MindPal,"Warren, MI",https://www.linkedin.com/jobs/view/ui-ux-designer-internship-at-mindpal-3708511214?refId=JGdcsNaMho4AoDZYxh6CNQ%3D%3D&trackingId=Tz6tl%2B2KbO%2BMp1yOU%2BKDug%3D%3D&position=24&pageNum=0&trk=public_jobs_jserp-result_search-card
UI/UX Designer (internship),MindPal,"Miami, FL",https://www.linkedin.com/jobs/view/ui-ux-designer-internship-at-mindpal-3708510324?refId=JGdcsNaMho4AoDZYxh6CNQ%3D%3D&trackingId=YZAQ0AO2h924BiMqe1wqMQ%3D%3D&position=25&pageNum=0&trk=public_jobs_jserp-result_search-card
UI/UX Designer (internship),MindPal,"New York, United States",https://www.linkedin.com/jobs/view/ui-ux-designer-internship-at-mindpal-3708510304?refId=HJnk5CTPlgnXMsrfMAW%2BMg%3D%3D&trackingId=Xfya5rfp2hx8664M7LTXCA%3D%3D&position=1&pageNum=0&trk=public_jobs_jserp-result_search-card
UI/UX Designer (internship),MindPal,"Philadelphia, PA",https://www.linkedin.com/jobs/view/ui-ux-designer-internship-at-mindpal-3708513031?refId=HJnk5CTPlgnXMsrfMAW%2BMg%3D%3D&trackingId=rGvubLL7Mj7AimGb%2FrzW8Q%3D%3D&position=2&pageNum=0&trk=public_jobs_jserp-result_search-card
UI/UX Designer (internship),MindPal,"San Francisco, CA",https://www.linkedin.com/jobs/view/ui-ux-designer-internship-at-mindpal-3708510300?refId=HJnk5CTPlgnXMsrfMAW%2BMg%3D%3D&trackingId=TsgfvuWvKAkRyvxiHXXuWA%3D%3D&position=3&pageNum=0&trk=public_jobs_jserp-result_search-card
UI/UX Designer (internship),MindPal,"Los Angeles, CA",https://www.linkedin.com/jobs/view/ui-ux-designer-internship-at-mindpal-3708507730?refId=HJnk5CTPlgnXMsrfMAW%2BMg%3D%3D&trackingId=wf5RAfGHIf5DusOKVOkS9Q%3D%3D&position=4&pageNum=0&trk=public_jobs_jserp-result_search-card
UI/UX Designer (internship),MindPal,"San Jose, CA",https://www.linkedin.com/jobs/view/ui-ux-designer-internship-at-mindpal-3708509585?refId=HJnk5CTPlgnXMsrfMAW%2BMg%3D%3D&trackingId=W1UlCDzenydssCU0C04qaA%3D%3D&position=5&pageNum=0&trk=public_jobs_jserp-result_search-card
UI/UX Designer (internship),MindPal,"Chicago, IL",https://www.linkedin.com/jobs/view/ui-ux-designer-internship-at-mindpal-3708509715?refId=HJnk5CTPlgnXMsrfMAW%2BMg%3D%3D&trackingId=q7mFybeDvGiOWbxdPI2wfA%3D%3D&position=6&pageNum=0&trk=public_jobs_jserp-result_search-card
UI/UX Designer (internship),MindPal,"Tampa, FL",https://www.linkedin.com/jobs/view/ui-ux-designer-internship-at-mindpal-3708511408?refId=HJnk5CTPlgnXMsrfMAW%2BMg%3D%3D&trackingId=EnIbC7J5813Jzqs2KwaYPw%3D%3D&position=7&pageNum=0&trk=public_jobs_jserp-result_search-card
UI/UX Designer (internship),MindPal,"Boston, MA",https://www.linkedin.com/jobs/view/ui-ux-designer-internship-at-mindpal-3708506862?refId=HJnk5CTPlgnXMsrfMAW%2BMg%3D%3D&trackingId=cykp82hvMQiC8%2FBNSfp6Fw%3D%3D&position=8&pageNum=0&trk=public_jobs_jserp-result_search-card
UI/UX Designer (internship),MindPal,"Seattle, WA",https://www.linkedin.com/jobs/view/ui-ux-designer-internship-at-mindpal-3708510339?refId=HJnk5CTPlgnXMsrfMAW%2BMg%3D%3D&trackingId=vGS7upCRRigcCtwytRNLPA%3D%3D&position=9&pageNum=0&trk=public_jobs_jserp-result_search-card
UI/UX Designer,AddSource,United States,https://www.linkedin.com/jobs/view/ui-ux-designer-at-addsource-3716015218?refId=HJnk5CTPlgnXMsrfMAW%2BMg%3D%3D&trackingId=T2Y4YAoqwgoQjExGXWyJGg%3D%3D&position=10&pageNum=0&trk=public_jobs_jserp-result_search-card
UI/UX Designer (internship),MindPal,"Atlanta, GA",https://www.linkedin.com/jobs/view/ui-ux-designer-internship-at-mindpal-3708506982?refId=HJnk5CTPlgnXMsrfMAW%2BMg%3D%3D&trackingId=YyCr3CjIy4IrLAQzXW8jWQ%3D%3D&position=11&pageNum=0&trk=public_jobs_jserp-result_search-card
UI/UX Designer (internship),MindPal,"Austin, TX",https://www.linkedin.com/jobs/view/ui-ux-designer-internship-at-mindpal-3708509633?refId=HJnk5CTPlgnXMsrfMAW%2BMg%3D%3D&trackingId=EnCJwqNLMz%2Fh8kmFwt%2FPMg%3D%3D&position=12&pageNum=0&trk=public_jobs_jserp-result_search-card
UI / UX Designer,Chicago Bulls,"Chicago, IL",https://www.linkedin.com/jobs/view/ui-ux-designer-at-chicago-bulls-3707583475?refId=HJnk5CTPlgnXMsrfMAW%2BMg%3D%3D&trackingId=vhL2d69Xh4GQZz51fpiwzw%3D%3D&position=13&pageNum=0&trk=public_jobs_jserp-result_search-card
UI/UX Designer,PathSpot,"New York, NY",https://www.linkedin.com/jobs/view/ui-ux-designer-at-pathspot-3667162946?refId=HJnk5CTPlgnXMsrfMAW%2BMg%3D%3D&trackingId=9a8oOl%2FFkhCLNlIdYg7H%2BQ%3D%3D&position=14&pageNum=0&trk=public_jobs_jserp-result_search-card
UI/UX Designer (internship),MindPal,"Orlando, FL",https://www.linkedin.com/jobs/view/ui-ux-designer-internship-at-mindpal-3708510313?refId=HJnk5CTPlgnXMsrfMAW%2BMg%3D%3D&trackingId=IGdn3UBtiDSiPlVkjdpRAw%3D%3D&position=15&pageNum=0&trk=public_jobs_jserp-result_search-card
UI/UX Designer (internship),MindPal,"Dallas, TX",https://www.linkedin.com/jobs/view/ui-ux-designer-internship-at-mindpal-3708512049?refId=HJnk5CTPlgnXMsrfMAW%2BMg%3D%3D&trackingId=lFCQSoDH2JcU%2BjEtSWI%2BXw%3D%3D&position=16&pageNum=0&trk=public_jobs_jserp-result_search-card
UI/UX Designer (internship),MindPal,"William Paterson University of New Jersey, NJ",https://www.linkedin.com/jobs/view/ui-ux-designer-internship-at-mindpal-3708510318?refId=HJnk5CTPlgnXMsrfMAW%2BMg%3D%3D&trackingId=AVhQNg0WTRj3lEfXyFu00A%3D%3D&position=17&pageNum=0&trk=public_jobs_jserp-result_search-card
UI/UX Designer (internship),MindPal,"Detroit, MI",https://www.linkedin.com/jobs/view/ui-ux-designer-internship-at-mindpal-3708506845?refId=HJnk5CTPlgnXMsrfMAW%2BMg%3D%3D&trackingId=Ddpyf9eRu4Be499X45tKtg%3D%3D&position=18&pageNum=0&trk=public_jobs_jserp-result_search-card
"UX, UI and/or Hybrid Designers",HOO KOO E KOO,United States,https://www.linkedin.com/jobs/view/ux-ui-and-or-hybrid-designers-at-hoo-koo-e-koo-3719413171?refId=HJnk5CTPlgnXMsrfMAW%2BMg%3D%3D&trackingId=4JGnvMv3Pz9ApJRem%2BunWQ%3D%3D&position=19&pageNum=0&trk=public_jobs_jserp-result_search-card
UI/UX Designer (internship),MindPal,"Indianapolis, IN",https://www.linkedin.com/jobs/view/ui-ux-designer-internship-at-mindpal-3708512037?refId=HJnk5CTPlgnXMsrfMAW%2BMg%3D%3D&trackingId=XypdAMoFEdPlUmCxqIkZsg%3D%3D&position=20&pageNum=0&trk=public_jobs_jserp-result_search-card
UI/UX Designer (internship),MindPal,"Nashville, TN",https://www.linkedin.com/jobs/view/ui-ux-designer-internship-at-mindpal-3708514008?refId=HJnk5CTPlgnXMsrfMAW%2BMg%3D%3D&trackingId=UxlWACrqBtZCEwYRMxREtw%3D%3D&position=21&pageNum=0&trk=public_jobs_jserp-result_search-card
UI/UX Designer (internship),MindPal,"Newark, NJ",https://www.linkedin.com/jobs/view/ui-ux-designer-internship-at-mindpal-3708511374?refId=HJnk5CTPlgnXMsrfMAW%2BMg%3D%3D&trackingId=ILA3PtX4G46M%2FRM5GnbK0A%3D%3D&position=22&pageNum=0&trk=public_jobs_jserp-result_search-card
UI/UX Designer (internship),MindPal,"Minneapolis, MN",https://www.linkedin.com/jobs/view/ui-ux-designer-internship-at-mindpal-3708512061?refId=HJnk5CTPlgnXMsrfMAW%2BMg%3D%3D&trackingId=uUpUG%2BfoauHdoMAa0QfWGw%3D%3D&position=23&pageNum=0&trk=public_jobs_jserp-result_search-card
UI/UX Designer (internship),MindPal,"Warren, MI",https://www.linkedin.com/jobs/view/ui-ux-designer-internship-at-mindpal-3708511214?refId=HJnk5CTPlgnXMsrfMAW%2BMg%3D%3D&trackingId=k46yC8RBl5XnBlhVdnX08A%3D%3D&position=24&pageNum=0&trk=public_jobs_jserp-result_search-card
UI/UX Designer (internship),MindPal,"Miami, FL",https://www.linkedin.com/jobs/view/ui-ux-designer-internship-at-mindpal-3708510324?refId=HJnk5CTPlgnXMsrfMAW%2BMg%3D%3D&trackingId=Pvg%2BwO7wg1rrMrOGlY2b8w%3D%3D&position=25&pageNum=0&trk=public_jobs_jserp-result_search-card
UI/UX Designer (internship),MindPal,"New York, United States",https://www.linkedin.com/jobs/view/ui-ux-designer-internship-at-mindpal-3708510304?refId=ocJSMF8VvZEaKCTGBwomSA%3D%3D&trackingId=U4FS%2FTnxEO0pZ4sk7bCQFQ%3D%3D&position=1&pageNum=0&trk=public_jobs_jserp-result_search-card
UI/UX Designer (internship),MindPal,"Philadelphia, PA",https://www.linkedin.com/jobs/view/ui-ux-designer-internship-at-mindpal-3708513031?refId=ocJSMF8VvZEaKCTGBwomSA%3D%3D&trackingId=Su5Bk%2BI4mCQDgwTgoxG6eg%3D%3D&position=2&pageNum=0&trk=public_jobs_jserp-result_search-card
UI/UX Designer (internship),MindPal,"San Francisco, CA",https://www.linkedin.com/jobs/view/ui-ux-designer-internship-at-mindpal-3708510300?refId=ocJSMF8VvZEaKCTGBwomSA%3D%3D&trackingId=sSJCkMLGzxS13QCVPisacA%3D%3D&position=3&pageNum=0&trk=public_jobs_jserp-result_search-card
UI/UX Designer (internship),MindPal,"Los Angeles, CA",https://www.linkedin.com/jobs/view/ui-ux-designer-internship-at-mindpal-3708507730?refId=ocJSMF8VvZEaKCTGBwomSA%3D%3D&trackingId=9seuKLhx9VdYg3KpkXEBkQ%3D%3D&position=4&pageNum=0&trk=public_jobs_jserp-result_search-card
UI/UX Designer (internship),MindPal,"San Jose, CA",https://www.linkedin.com/jobs/view/ui-ux-designer-internship-at-mindpal-3708509585?refId=ocJSMF8VvZEaKCTGBwomSA%3D%3D&trackingId=DObTkOeK3ZJF%2FIyj4wAaWA%3D%3D&position=5&pageNum=0&trk=public_jobs_jserp-result_search-card
UI/UX Designer (internship),MindPal,"Chicago, IL",https://www.linkedin.com/jobs/view/ui-ux-designer-internship-at-mindpal-3708509715?refId=ocJSMF8VvZEaKCTGBwomSA%3D%3D&trackingId=QgB5TZfCWmdWhD1SkD8O3g%3D%3D&position=6&pageNum=0&trk=public_jobs_jserp-result_search-card
UI/UX Designer (internship),MindPal,"Tampa, FL",https://www.linkedin.com/jobs/view/ui-ux-designer-internship-at-mindpal-3708511408?refId=ocJSMF8VvZEaKCTGBwomSA%3D%3D&trackingId=7LVZ9MfvCK8HZi02uwLS3w%3D%3D&position=7&pageNum=0&trk=public_jobs_jserp-result_search-card
UI/UX Designer (internship),MindPal,"Boston, MA",https://www.linkedin.com/jobs/view/ui-ux-designer-internship-at-mindpal-3708506862?refId=ocJSMF8VvZEaKCTGBwomSA%3D%3D&trackingId=fY5B087D%2FYW5pxq5XrYgag%3D%3D&position=8&pageNum=0&trk=public_jobs_jserp-result_search-card
UI/UX Designer (internship),MindPal,"Seattle, WA",https://www.linkedin.com/jobs/view/ui-ux-designer-internship-at-mindpal-3708510339?refId=ocJSMF8VvZEaKCTGBwomSA%3D%3D&trackingId=YJSLwuryCPp6wp51%2Fhkujw%3D%3D&position=9&pageNum=0&trk=public_jobs_jserp-result_search-card
UI/UX Designer,AddSource,United States,https://www.linkedin.com/jobs/view/ui-ux-designer-at-addsource-3716015218?refId=ocJSMF8VvZEaKCTGBwomSA%3D%3D&trackingId=jbW0WNrxKTKuftLwELLEWQ%3D%3D&position=10&pageNum=0&trk=public_jobs_jserp-result_search-card
UI/UX Designer (internship),MindPal,"Atlanta, GA",https://www.linkedin.com/jobs/view/ui-ux-designer-internship-at-mindpal-3708506982?refId=ocJSMF8VvZEaKCTGBwomSA%3D%3D&trackingId=9aoE19bQbccLEiueANDgfQ%3D%3D&position=11&pageNum=0&trk=public_jobs_jserp-result_search-card
UI/UX Designer (internship),MindPal,"Austin, TX",https://www.linkedin.com/jobs/view/ui-ux-designer-internship-at-mindpal-3708509633?refId=ocJSMF8VvZEaKCTGBwomSA%3D%3D&trackingId=cwp7%2BTW06cuUbDes8Tqbjw%3D%3D&position=12&pageNum=0&trk=public_jobs_jserp-result_search-card
UI / UX Designer,Chicago Bulls,"Chicago, IL",https://www.linkedin.com/jobs/view/ui-ux-designer-at-chicago-bulls-3707583475?refId=ocJSMF8VvZEaKCTGBwomSA%3D%3D&trackingId=EVOhaOnzLrbh%2BxtEILZ5NQ%3D%3D&position=13&pageNum=0&trk=public_jobs_jserp-result_search-card
UI/UX Designer,PathSpot,"New York, NY",https://www.linkedin.com/jobs/view/ui-ux-designer-at-pathspot-3667162946?refId=ocJSMF8VvZEaKCTGBwomSA%3D%3D&trackingId=v%2FrZSSAsul8QWOYPDPSXKw%3D%3D&position=14&pageNum=0&trk=public_jobs_jserp-result_search-card
UI/UX Designer (internship),MindPal,"Orlando, FL",https://www.linkedin.com/jobs/view/ui-ux-designer-internship-at-mindpal-3708510313?refId=ocJSMF8VvZEaKCTGBwomSA%3D%3D&trackingId=0lzY%2FE7b6MlFgv5RMfvVlQ%3D%3D&position=15&pageNum=0&trk=public_jobs_jserp-result_search-card
UI/UX Designer (internship),MindPal,"Dallas, TX",https://www.linkedin.com/jobs/view/ui-ux-designer-internship-at-mindpal-3708512049?refId=ocJSMF8VvZEaKCTGBwomSA%3D%3D&trackingId=kB0y6Q2X0jWIJbXyYnnA6A%3D%3D&position=16&pageNum=0&trk=public_jobs_jserp-result_search-card
UI/UX Designer (internship),MindPal,"William Paterson University of New Jersey, NJ",https://www.linkedin.com/jobs/view/ui-ux-designer-internship-at-mindpal-3708510318?refId=ocJSMF8VvZEaKCTGBwomSA%3D%3D&trackingId=iVeXeJEaGKNo2%2B5K4Vq%2FZQ%3D%3D&position=17&pageNum=0&trk=public_jobs_jserp-result_search-card
UI/UX Designer (internship),MindPal,"Detroit, MI",https://www.linkedin.com/jobs/view/ui-ux-designer-internship-at-mindpal-3708506845?refId=ocJSMF8VvZEaKCTGBwomSA%3D%3D&trackingId=GVkutvbfLyW9a7WycaHfdg%3D%3D&position=18&pageNum=0&trk=public_jobs_jserp-result_search-card
"UX, UI and/or Hybrid Designers",HOO KOO E KOO,United States,https://www.linkedin.com/jobs/view/ux-ui-and-or-hybrid-designers-at-hoo-koo-e-koo-3719413171?refId=ocJSMF8VvZEaKCTGBwomSA%3D%3D&trackingId=%2BY5rUY9wNvtZeb9znSlBeA%3D%3D&position=19&pageNum=0&trk=public_jobs_jserp-result_search-card
UI/UX Designer (internship),MindPal,"Indianapolis, IN",https://www.linkedin.com/jobs/view/ui-ux-designer-internship-at-mindpal-3708512037?refId=ocJSMF8VvZEaKCTGBwomSA%3D%3D&trackingId=6Kxuj0O6fxq1Mh2Q90NoJg%3D%3D&position=20&pageNum=0&trk=public_jobs_jserp-result_search-card
UI/UX Designer (internship),MindPal,"Nashville, TN",https://www.linkedin.com/jobs/view/ui-ux-designer-internship-at-mindpal-3708514008?refId=ocJSMF8VvZEaKCTGBwomSA%3D%3D&trackingId=JGHAXNnpFbe0dhvSjyGgJw%3D%3D&position=21&pageNum=0&trk=public_jobs_jserp-result_search-card
UI/UX Designer (internship),MindPal,"Newark, NJ",https://www.linkedin.com/jobs/view/ui-ux-designer-internship-at-mindpal-3708511374?refId=ocJSMF8VvZEaKCTGBwomSA%3D%3D&trackingId=mtGBaVF0Te6cCAlmOahC4g%3D%3D&position=22&pageNum=0&trk=public_jobs_jserp-result_search-card
UI/UX Designer (internship),MindPal,"Minneapolis, MN",https://www.linkedin.com/jobs/view/ui-ux-designer-internship-at-mindpal-3708512061?refId=ocJSMF8VvZEaKCTGBwomSA%3D%3D&trackingId=gJAQw%2FNZJV27oUffcc%2Bv%2FQ%3D%3D&position=23&pageNum=0&trk=public_jobs_jserp-result_search-card
UI/UX Designer (internship),MindPal,"Warren, MI",https://www.linkedin.com/jobs/view/ui-ux-designer-internship-at-mindpal-3708511214?refId=ocJSMF8VvZEaKCTGBwomSA%3D%3D&trackingId=5yiGHDl2euvT1u5vzdz7eQ%3D%3D&position=24&pageNum=0&trk=public_jobs_jserp-result_search-card
UI/UX Designer (internship),MindPal,"Miami, FL",https://www.linkedin.com/jobs/view/ui-ux-designer-internship-at-mindpal-3708510324?refId=ocJSMF8VvZEaKCTGBwomSA%3D%3D&trackingId=Q%2F6Gaomf4PNJWC1mJaj%2FHg%3D%3D&position=25&pageNum=0&trk=public_jobs_jserp-result_search-card
Title,Company,Location,Apply
UI/UX Designer (internship),MindPal,"New York, United States",https://www.linkedin.com/jobs/view/ui-ux-designer-internship-at-mindpal-3708510304?refId=HmE34DumjiED0OR5wjjyUw%3D%3D&trackingId=271i9IsPIf4W8nfKNrGqJg%3D%3D&position=1&pageNum=0&trk=public_jobs_jserp-result_search-card
UI/UX Designer (internship),MindPal,"Philadelphia, PA",https://www.linkedin.com/jobs/view/ui-ux-designer-internship-at-mindpal-3708513031?refId=HmE34DumjiED0OR5wjjyUw%3D%3D&trackingId=ktThkhhdOXFap%2B4lqF8cRg%3D%3D&position=2&pageNum=0&trk=public_jobs_jserp-result_search-card
UI/UX Designer (internship),MindPal,"San Francisco, CA",https://www.linkedin.com/jobs/view/ui-ux-designer-internship-at-mindpal-3708510300?refId=HmE34DumjiED0OR5wjjyUw%3D%3D&trackingId=yi%2FY7nk3TUi4%2BvdvtowxcA%3D%3D&position=3&pageNum=0&trk=public_jobs_jserp-result_search-card
UI/UX Designer (internship),MindPal,"Los Angeles, CA",https://www.linkedin.com/jobs/view/ui-ux-designer-internship-at-mindpal-3708507730?refId=HmE34DumjiED0OR5wjjyUw%3D%3D&trackingId=mjcZa%2BEA1Is0DmEqbquYMQ%3D%3D&position=4&pageNum=0&trk=public_jobs_jserp-result_search-card
UI/UX Designer (internship),MindPal,"San Jose, CA",https://www.linkedin.com/jobs/view/ui-ux-designer-internship-at-mindpal-3708509585?refId=HmE34DumjiED0OR5wjjyUw%3D%3D&trackingId=DnDP0z4GkZqIUB4s0dybqQ%3D%3D&position=5&pageNum=0&trk=public_jobs_jserp-result_search-card
UI/UX Designer (internship),MindPal,"Chicago, IL",https://www.linkedin.com/jobs/view/ui-ux-designer-internship-at-mindpal-3708509715?refId=HmE34DumjiED0OR5wjjyUw%3D%3D&trackingId=gZzh7Bt%2FJJvhfCjrA7V7Ng%3D%3D&position=6&pageNum=0&trk=public_jobs_jserp-result_search-card
UI/UX Designer (internship),MindPal,"Tampa, FL",https://www.linkedin.com/jobs/view/ui-ux-designer-internship-at-mindpal-3708511408?refId=HmE34DumjiED0OR5wjjyUw%3D%3D&trackingId=7bdP%2BvJUokwSJvyzn1HGPA%3D%3D&position=7&pageNum=0&trk=public_jobs_jserp-result_search-card
UI/UX Designer (internship),MindPal,"Boston, MA",https://www.linkedin.com/jobs/view/ui-ux-designer-internship-at-mindpal-3708506862?refId=HmE34DumjiED0OR5wjjyUw%3D%3D&trackingId=wTWkvc%2BKQh5qGhjha%2B9nng%3D%3D&position=8&pageNum=0&trk=public_jobs_jserp-result_search-card
UI/UX Designer (internship),MindPal,"Seattle, WA",https://www.linkedin.com/jobs/view/ui-ux-designer-internship-at-mindpal-3708510339?refId=HmE34DumjiED0OR5wjjyUw%3D%3D&trackingId=BSftZ4hSEW54uRr9TsO6UA%3D%3D&position=9&pageNum=0&trk=public_jobs_jserp-result_search-card
UI/UX Designer,AddSource,United States,https://www.linkedin.com/jobs/view/ui-ux-designer-at-addsource-3716015218?refId=HmE34DumjiED0OR5wjjyUw%3D%3D&trackingId=ZanM0lSv1bmF3wTzKyCySw%3D%3D&position=10&pageNum=0&trk=public_jobs_jserp-result_search-card
UI/UX Designer (internship),MindPal,"Atlanta, GA",https://www.linkedin.com/jobs/view/ui-ux-designer-internship-at-mindpal-3708506982?refId=HmE34DumjiED0OR5wjjyUw%3D%3D&trackingId=TnOdqenpJnBSByw%2BVOXW9A%3D%3D&position=11&pageNum=0&trk=public_jobs_jserp-result_search-card
UI/UX Designer (internship),MindPal,"Austin, TX",https://www.linkedin.com/jobs/view/ui-ux-designer-internship-at-mindpal-3708509633?refId=HmE34DumjiED0OR5wjjyUw%3D%3D&trackingId=i5c%2Bs7cFWsVOV8RvUyGVhQ%3D%3D&position=12&pageNum=0&trk=public_jobs_jserp-result_search-card
UI / UX Designer,Chicago Bulls,"Chicago, IL",https://www.linkedin.com/jobs/view/ui-ux-designer-at-chicago-bulls-3707583475?refId=HmE34DumjiED0OR5wjjyUw%3D%3D&trackingId=Quj4FP0J6mwdfHI3pJl48A%3D%3D&position=13&pageNum=0&trk=public_jobs_jserp-result_search-card
UI/UX Designer,PathSpot,"New York, NY",https://www.linkedin.com/jobs/view/ui-ux-designer-at-pathspot-3667162946?refId=HmE34DumjiED0OR5wjjyUw%3D%3D&trackingId=kLQRzKJLafeHZeqsfRnYeA%3D%3D&position=14&pageNum=0&trk=public_jobs_jserp-result_search-card
UI/UX Designer (internship),MindPal,"Orlando, FL",https://www.linkedin.com/jobs/view/ui-ux-designer-internship-at-mindpal-3708510313?refId=HmE34DumjiED0OR5wjjyUw%3D%3D&trackingId=WNdJJvL4alJbNYbSTYlssw%3D%3D&position=15&pageNum=0&trk=public_jobs_jserp-result_search-card
UI/UX Designer (internship),MindPal,"Dallas, TX",https://www.linkedin.com/jobs/view/ui-ux-designer-internship-at-mindpal-3708512049?refId=HmE34DumjiED0OR5wjjyUw%3D%3D&trackingId=vUSbkWsHOlXndrsy9ui%2FyA%3D%3D&position=16&pageNum=0&trk=public_jobs_jserp-result_search-card
UI/UX Designer (internship),MindPal,"William Paterson University of New Jersey, NJ",https://www.linkedin.com/jobs/view/ui-ux-designer-internship-at-mindpal-3708510318?refId=HmE34DumjiED0OR5wjjyUw%3D%3D&trackingId=XjBc1ofULOnWcPr%2BOKkS9g%3D%3D&position=17&pageNum=0&trk=public_jobs_jserp-result_search-card
UI/UX Designer (internship),MindPal,"Detroit, MI",https://www.linkedin.com/jobs/view/ui-ux-designer-internship-at-mindpal-3708506845?refId=HmE34DumjiED0OR5wjjyUw%3D%3D&trackingId=4exjGDQW3C8Sq%2B7EqHB5fA%3D%3D&position=18&pageNum=0&trk=public_jobs_jserp-result_search-card
"UX, UI and/or Hybrid Designers",HOO KOO E KOO,United States,https://www.linkedin.com/jobs/view/ux-ui-and-or-hybrid-designers-at-hoo-koo-e-koo-3719413171?refId=HmE34DumjiED0OR5wjjyUw%3D%3D&trackingId=m1QL%2FM4iZdVtwa5D4CFHmA%3D%3D&position=19&pageNum=0&trk=public_jobs_jserp-result_search-card
UI/UX Designer (internship),MindPal,"Indianapolis, IN",https://www.linkedin.com/jobs/view/ui-ux-designer-internship-at-mindpal-3708512037?refId=HmE34DumjiED0OR5wjjyUw%3D%3D&trackingId=jxCRECW337yni0gpn2r%2B7w%3D%3D&position=20&pageNum=0&trk=public_jobs_jserp-result_search-card
UI/UX Designer (internship),MindPal,"Nashville, TN",https://www.linkedin.com/jobs/view/ui-ux-designer-internship-at-mindpal-3708514008?refId=HmE34DumjiED0OR5wjjyUw%3D%3D&trackingId=VTDtXl9DO553Gbx7kRUCkw%3D%3D&position=21&pageNum=0&trk=public_jobs_jserp-result_search-card
UI/UX Designer (internship),MindPal,"Newark, NJ",https://www.linkedin.com/jobs/view/ui-ux-designer-internship-at-mindpal-3708511374?refId=HmE34DumjiED0OR5wjjyUw%3D%3D&trackingId=L9cBoizrpXy1gowrHrL4Nw%3D%3D&position=22&pageNum=0&trk=public_jobs_jserp-result_search-card
UI/UX Designer (internship),MindPal,"Minneapolis, MN",https://www.linkedin.com/jobs/view/ui-ux-designer-internship-at-mindpal-3708512061?refId=HmE34DumjiED0OR5wjjyUw%3D%3D&trackingId=TqngYwWNuAOpR4IoaY3ZHQ%3D%3D&position=23&pageNum=0&trk=public_jobs_jserp-result_search-card
UI/UX Designer (internship),MindPal,"Warren, MI",https://www.linkedin.com/jobs/view/ui-ux-designer-internship-at-mindpal-3708511214?refId=HmE34DumjiED0OR5wjjyUw%3D%3D&trackingId=L8sxevU5MiZF1bDsejWcYA%3D%3D&position=24&pageNum=0&trk=public_jobs_jserp-result_search-card
UI/UX Designer (internship),MindPal,"Miami, FL",https://www.linkedin.com/jobs/view/ui-ux-designer-internship-at-mindpal-3708510324?refId=HmE34DumjiED0OR5wjjyUw%3D%3D&trackingId=uP42gBqxWnhmstwCbhzJlg%3D%3D&position=25&pageNum=0&trk=public_jobs_jserp-result_search-card
UI/UX Designer (internship),MindPal,"New York, United States",https://www.linkedin.com/jobs/view/ui-ux-designer-internship-at-mindpal-3708510304?refId=WJTQ7AO%2FuUL6k2pos9iFuQ%3D%3D&trackingId=qexkTMxpoDebJylMJU7WlQ%3D%3D&position=1&pageNum=0&trk=public_jobs_jserp-result_search-card
UI/UX Designer (internship),MindPal,"Philadelphia, PA",https://www.linkedin.com/jobs/view/ui-ux-designer-internship-at-mindpal-3708513031?refId=WJTQ7AO%2FuUL6k2pos9iFuQ%3D%3D&trackingId=UFWyz6BS0%2BV%2F%2BChEzcQB7A%3D%3D&position=2&pageNum=0&trk=public_jobs_jserp-result_search-card
UI/UX Designer (internship),MindPal,"San Francisco, CA",https://www.linkedin.com/jobs/view/ui-ux-designer-internship-at-mindpal-3708510300?refId=WJTQ7AO%2FuUL6k2pos9iFuQ%3D%3D&trackingId=2xOM%2FvDvDnO7wihoZn9FJw%3D%3D&position=3&pageNum=0&trk=public_jobs_jserp-result_search-card
UI/UX Designer (internship),MindPal,"Los Angeles, CA",https://www.linkedin.com/jobs/view/ui-ux-designer-internship-at-mindpal-3708507730?refId=WJTQ7AO%2FuUL6k2pos9iFuQ%3D%3D&trackingId=1v6X6SVK1rr0wtLrXFO6MA%3D%3D&position=4&pageNum=0&trk=public_jobs_jserp-result_search-card
UI/UX Designer (internship),MindPal,"San Jose, CA",https://www.linkedin.com/jobs/view/ui-ux-designer-internship-at-mindpal-3708509585?refId=WJTQ7AO%2FuUL6k2pos9iFuQ%3D%3D&trackingId=9Wj1KV3YfyITMec3yOYUWQ%3D%3D&position=5&pageNum=0&trk=public_jobs_jserp-result_search-card
UI/UX Designer (internship),MindPal,"Chicago, IL",https://www.linkedin.com/jobs/view/ui-ux-designer-internship-at-mindpal-3708509715?refId=WJTQ7AO%2FuUL6k2pos9iFuQ%3D%3D&trackingId=C7eZ9z7P2stxy11rBY21ew%3D%3D&position=6&pageNum=0&trk=public_jobs_jserp-result_search-card
UI/UX Designer (internship),MindPal,"Tampa, FL",https://www.linkedin.com/jobs/view/ui-ux-designer-internship-at-mindpal-3708511408?refId=WJTQ7AO%2FuUL6k2pos9iFuQ%3D%3D&trackingId=tgC5PVM1hGcq9QDhtSlmbA%3D%3D&position=7&pageNum=0&trk=public_jobs_jserp-result_search-card
UI/UX Designer (internship),MindPal,"Boston, MA",https://www.linkedin.com/jobs/view/ui-ux-designer-internship-at-mindpal-3708506862?refId=WJTQ7AO%2FuUL6k2pos9iFuQ%3D%3D&trackingId=HYA09DqWWEx7iR7yRUet3w%3D%3D&position=8&pageNum=0&trk=public_jobs_jserp-result_search-card
UI/UX Designer (internship),MindPal,"Seattle, WA",https://www.linkedin.com/jobs/view/ui-ux-designer-internship-at-mindpal-3708510339?refId=WJTQ7AO%2FuUL6k2pos9iFuQ%3D%3D&trackingId=VIjlk59kVqmeJQNcrl6rgw%3D%3D&position=9&pageNum=0&trk=public_jobs_jserp-result_search-card
UI/UX Designer,AddSource,United States,https://www.linkedin.com/jobs/view/ui-ux-designer-at-addsource-3716015218?refId=WJTQ7AO%2FuUL6k2pos9iFuQ%3D%3D&trackingId=4WpLgzHsmOhT87TV3NlRMg%3D%3D&position=10&pageNum=0&trk=public_jobs_jserp-result_search-card
UI/UX Designer (internship),MindPal,"Atlanta, GA",https://www.linkedin.com/jobs/view/ui-ux-designer-internship-at-mindpal-3708506982?refId=WJTQ7AO%2FuUL6k2pos9iFuQ%3D%3D&trackingId=hdgOJicAXIJiyUfuS1GbMQ%3D%3D&position=11&pageNum=0&trk=public_jobs_jserp-result_search-card
UI/UX Designer (internship),MindPal,"Austin, TX",https://www.linkedin.com/jobs/view/ui-ux-designer-internship-at-mindpal-3708509633?refId=WJTQ7AO%2FuUL6k2pos9iFuQ%3D%3D&trackingId=Flk9x2kk%2BBbTx7r4w2Yj%2Bg%3D%3D&position=12&pageNum=0&trk=public_jobs_jserp-result_search-card
UI / UX Designer,Chicago Bulls,"Chicago, IL",https://www.linkedin.com/jobs/view/ui-ux-designer-at-chicago-bulls-3707583475?refId=WJTQ7AO%2FuUL6k2pos9iFuQ%3D%3D&trackingId=hH6OnZKG%2BTecjZPK4EpsXg%3D%3D&position=13&pageNum=0&trk=public_jobs_jserp-result_search-card
UI/UX Designer,PathSpot,"New York, NY",https://www.linkedin.com/jobs/view/ui-ux-designer-at-pathspot-3667162946?refId=WJTQ7AO%2FuUL6k2pos9iFuQ%3D%3D&trackingId=RdmmTq5%2ByHZBQy86t%2Bgabg%3D%3D&position=14&pageNum=0&trk=public_jobs_jserp-result_search-card
UI/UX Designer (internship),MindPal,"Orlando, FL",https://www.linkedin.com/jobs/view/ui-ux-designer-internship-at-mindpal-3708510313?refId=WJTQ7AO%2FuUL6k2pos9iFuQ%3D%3D&trackingId=lM7QU50OXYTdq6cOFj00YQ%3D%3D&position=15&pageNum=0&trk=public_jobs_jserp-result_search-card
UI/UX Designer (internship),MindPal,"Dallas, TX",https://www.linkedin.com/jobs/view/ui-ux-designer-internship-at-mindpal-3708512049?refId=WJTQ7AO%2FuUL6k2pos9iFuQ%3D%3D&trackingId=fCBUz7164Z4BrpUEJpG7Gw%3D%3D&position=16&pageNum=0&trk=public_jobs_jserp-result_search-card
UI/UX Designer (internship),MindPal,"William Paterson University of New Jersey, NJ",https://www.linkedin.com/jobs/view/ui-ux-designer-internship-at-mindpal-3708510318?refId=WJTQ7AO%2FuUL6k2pos9iFuQ%3D%3D&trackingId=nXVEMDhNLMt8%2Fky470NzTQ%3D%3D&position=17&pageNum=0&trk=public_jobs_jserp-result_search-card
UI/UX Designer (internship),MindPal,"Detroit, MI",https://www.linkedin.com/jobs/view/ui-ux-designer-internship-at-mindpal-3708506845?refId=WJTQ7AO%2FuUL6k2pos9iFuQ%3D%3D&trackingId=0pYzRy2gtovn4jCfdWHNDQ%3D%3D&position=18&pageNum=0&trk=public_jobs_jserp-result_search-card
"UX, UI and/or Hybrid Designers",HOO KOO E KOO,United States,https://www.linkedin.com/jobs/view/ux-ui-and-or-hybrid-designers-at-hoo-koo-e-koo-3719413171?refId=WJTQ7AO%2FuUL6k2pos9iFuQ%3D%3D&trackingId=gImTLDfBRSk6bZy3FOrsOg%3D%3D&position=19&pageNum=0&trk=public_jobs_jserp-result_search-card
UI/UX Designer (internship),MindPal,"Indianapolis, IN",https://www.linkedin.com/jobs/view/ui-ux-designer-internship-at-mindpal-3708512037?refId=WJTQ7AO%2FuUL6k2pos9iFuQ%3D%3D&trackingId=RsB0kCOSBtm3avbQI2H0mw%3D%3D&position=20&pageNum=0&trk=public_jobs_jserp-result_search-card
UI/UX Designer (internship),MindPal,"Nashville, TN",https://www.linkedin.com/jobs/view/ui-ux-designer-internship-at-mindpal-3708514008?refId=WJTQ7AO%2FuUL6k2pos9iFuQ%3D%3D&trackingId=fMMwwWGYAXBFazQi02bXAg%3D%3D&position=21&pageNum=0&trk=public_jobs_jserp-result_search-card
UI/UX Designer (internship),MindPal,"Newark, NJ",https://www.linkedin.com/jobs/view/ui-ux-designer-internship-at-mindpal-3708511374?refId=WJTQ7AO%2FuUL6k2pos9iFuQ%3D%3D&trackingId=gLL2oI84KZizXdHkRWIVJw%3D%3D&position=22&pageNum=0&trk=public_jobs_jserp-result_search-card
UI/UX Designer (internship),MindPal,"Minneapolis, MN",https://www.linkedin.com/jobs/view/ui-ux-designer-internship-at-mindpal-3708512061?refId=WJTQ7AO%2FuUL6k2pos9iFuQ%3D%3D&trackingId=IaiL9FLL6OSktiGLzjbCPA%3D%3D&position=23&pageNum=0&trk=public_jobs_jserp-result_search-card
UI/UX Designer (internship),MindPal,"Warren, MI",https://www.linkedin.com/jobs/view/ui-ux-designer-internship-at-mindpal-3708511214?refId=WJTQ7AO%2FuUL6k2pos9iFuQ%3D%3D&trackingId=d8iWLavzPTbqBZ%2BYbsx6Pw%3D%3D&position=24&pageNum=0&trk=public_jobs_jserp-result_search-card
UI/UX Designer (internship),MindPal,"Miami, FL",https://www.linkedin.com/jobs/view/ui-ux-designer-internship-at-mindpal-3708510324?refId=WJTQ7AO%2FuUL6k2pos9iFuQ%3D%3D&trackingId=R%2BKOWq7Gv%2Bo2ysfhJADq1A%3D%3D&position=25&pageNum=0&trk=public_jobs_jserp-result_search-card
UI/UX Designer (internship),MindPal,"New York, United States",https://www.linkedin.com/jobs/view/ui-ux-designer-internship-at-mindpal-3708510304?refId=KRYwiZsMKT8pxlEu99G6Pg%3D%3D&trackingId=TLYIGvi%2BS7UL8O0QPcvfkg%3D%3D&position=1&pageNum=0&trk=public_jobs_jserp-result_search-card
UI/UX Designer (internship),MindPal,"Philadelphia, PA",https://www.linkedin.com/jobs/view/ui-ux-designer-internship-at-mindpal-3708513031?refId=KRYwiZsMKT8pxlEu99G6Pg%3D%3D&trackingId=kvBLA11UqxEzBHENHBFnVQ%3D%3D&position=2&pageNum=0&trk=public_jobs_jserp-result_search-card
UI/UX Designer (internship),MindPal,"San Francisco, CA",https://www.linkedin.com/jobs/view/ui-ux-designer-internship-at-mindpal-3708510300?refId=KRYwiZsMKT8pxlEu99G6Pg%3D%3D&trackingId=4lHHiPluyiu%2BHF%2BELtRozQ%3D%3D&position=3&pageNum=0&trk=public_jobs_jserp-result_search-card
UI/UX Designer (internship),MindPal,"Los Angeles, CA",https://www.linkedin.com/jobs/view/ui-ux-designer-internship-at-mindpal-3708507730?refId=KRYwiZsMKT8pxlEu99G6Pg%3D%3D&trackingId=e27MvTcIoCF37fhQ1WjGdQ%3D%3D&position=4&pageNum=0&trk=public_jobs_jserp-result_search-card
UI/UX Designer (internship),MindPal,"San Jose, CA",https://www.linkedin.com/jobs/view/ui-ux-designer-internship-at-mindpal-3708509585?refId=KRYwiZsMKT8pxlEu99G6Pg%3D%3D&trackingId=j14kjYdyrLxr5uGBIk51Aw%3D%3D&position=5&pageNum=0&trk=public_jobs_jserp-result_search-card
UI/UX Designer (internship),MindPal,"Chicago, IL",https://www.linkedin.com/jobs/view/ui-ux-designer-internship-at-mindpal-3708509715?refId=KRYwiZsMKT8pxlEu99G6Pg%3D%3D&trackingId=9dQnh4yZiRdLFCQIc0VT%2Fw%3D%3D&position=6&pageNum=0&trk=public_jobs_jserp-result_search-card
UI/UX Designer (internship),MindPal,"Tampa, FL",https://www.linkedin.com/jobs/view/ui-ux-designer-internship-at-mindpal-3708511408?refId=KRYwiZsMKT8pxlEu99G6Pg%3D%3D&trackingId=vic%2Frdg320ki%2FCIJ4fxGRg%3D%3D&position=7&pageNum=0&trk=public_jobs_jserp-result_search-card
UI/UX Designer (internship),MindPal,"Boston, MA",https://www.linkedin.com/jobs/view/ui-ux-designer-internship-at-mindpal-3708506862?refId=KRYwiZsMKT8pxlEu99G6Pg%3D%3D&trackingId=2IYuew6b6TBk0QouEG%2F0dg%3D%3D&position=8&pageNum=0&trk=public_jobs_jserp-result_search-card
UI/UX Designer (internship),MindPal,"Seattle, WA",https://www.linkedin.com/jobs/view/ui-ux-designer-internship-at-mindpal-3708510339?refId=KRYwiZsMKT8pxlEu99G6Pg%3D%3D&trackingId=wOHEfZd%2Bu0YPijVrkewq5A%3D%3D&position=9&pageNum=0&trk=public_jobs_jserp-result_search-card
UI/UX Designer,AddSource,United States,https://www.linkedin.com/jobs/view/ui-ux-designer-at-addsource-3716015218?refId=KRYwiZsMKT8pxlEu99G6Pg%3D%3D&trackingId=EAgjxSUSfRpaFVQVobsNPg%3D%3D&position=10&pageNum=0&trk=public_jobs_jserp-result_search-card
UI/UX Designer (internship),MindPal,"Atlanta, GA",https://www.linkedin.com/jobs/view/ui-ux-designer-internship-at-mindpal-3708506982?refId=KRYwiZsMKT8pxlEu99G6Pg%3D%3D&trackingId=4iHGmD2bWfaTnpjvP83%2BMQ%3D%3D&position=11&pageNum=0&trk=public_jobs_jserp-result_search-card
UI/UX Designer (internship),MindPal,"Austin, TX",https://www.linkedin.com/jobs/view/ui-ux-designer-internship-at-mindpal-3708509633?refId=KRYwiZsMKT8pxlEu99G6Pg%3D%3D&trackingId=JlpzaDRTk5DuCg%2BIPJ1pRA%3D%3D&position=12&pageNum=0&trk=public_jobs_jserp-result_search-card
UI / UX Designer,Chicago Bulls,"Chicago, IL",https://www.linkedin.com/jobs/view/ui-ux-designer-at-chicago-bulls-3707583475?refId=KRYwiZsMKT8pxlEu99G6Pg%3D%3D&trackingId=Gx6fUpTtJn%2F1p9jLq79HIA%3D%3D&position=13&pageNum=0&trk=public_jobs_jserp-result_search-card
UI/UX Designer,PathSpot,"New York, NY",https://www.linkedin.com/jobs/view/ui-ux-designer-at-pathspot-3667162946?refId=KRYwiZsMKT8pxlEu99G6Pg%3D%3D&trackingId=8e3jViFuAr71mYecrRtA%2Bg%3D%3D&position=14&pageNum=0&trk=public_jobs_jserp-result_search-card
UI/UX Designer (internship),MindPal,"Orlando, FL",https://www.linkedin.com/jobs/view/ui-ux-designer-internship-at-mindpal-3708510313?refId=KRYwiZsMKT8pxlEu99G6Pg%3D%3D&trackingId=PfjnURQE9SQs2yIleaqDig%3D%3D&position=15&pageNum=0&trk=public_jobs_jserp-result_search-card
UI/UX Designer (internship),MindPal,"Dallas, TX",https://www.linkedin.com/jobs/view/ui-ux-designer-internship-at-mindpal-3708512049?refId=KRYwiZsMKT8pxlEu99G6Pg%3D%3D&trackingId=7SHQwRpUgUSpO5woETlUGQ%3D%3D&position=16&pageNum=0&trk=public_jobs_jserp-result_search-card
UI/UX Designer (internship),MindPal,"William Paterson University of New Jersey, NJ",https://www.linkedin.com/jobs/view/ui-ux-designer-internship-at-mindpal-3708510318?refId=KRYwiZsMKT8pxlEu99G6Pg%3D%3D&trackingId=gnhqOA38fdpmKRRCffINfg%3D%3D&position=17&pageNum=0&trk=public_jobs_jserp-result_search-card
UI/UX Designer (internship),MindPal,"Detroit, MI",https://www.linkedin.com/jobs/view/ui-ux-designer-internship-at-mindpal-3708506845?refId=KRYwiZsMKT8pxlEu99G6Pg%3D%3D&trackingId=J3N1YDqobH1LwoozdgzvgA%3D%3D&position=18&pageNum=0&trk=public_jobs_jserp-result_search-card
"UX, UI and/or Hybrid Designers",HOO KOO E KOO,United States,https://www.linkedin.com/jobs/view/ux-ui-and-or-hybrid-designers-at-hoo-koo-e-koo-3719413171?refId=KRYwiZsMKT8pxlEu99G6Pg%3D%3D&trackingId=vocWaZL6E3cREugJECRVsA%3D%3D&position=19&pageNum=0&trk=public_jobs_jserp-result_search-card
UI/UX Designer (internship),MindPal,"Indianapolis, IN",https://www.linkedin.com/jobs/view/ui-ux-designer-internship-at-mindpal-3708512037?refId=KRYwiZsMKT8pxlEu99G6Pg%3D%3D&trackingId=PmgA6BPTWL2TuPvVazCvAA%3D%3D&position=20&pageNum=0&trk=public_jobs_jserp-result_search-card
UI/UX Designer (internship),MindPal,"Nashville, TN",https://www.linkedin.com/jobs/view/ui-ux-designer-internship-at-mindpal-3708514008?refId=KRYwiZsMKT8pxlEu99G6Pg%3D%3D&trackingId=ca%2FUW%2BluDDT5ofSWyvMZiA%3D%3D&position=21&pageNum=0&trk=public_jobs_jserp-result_search-card
UI/UX Designer (internship),MindPal,"Newark, NJ",https://www.linkedin.com/jobs/view/ui-ux-designer-internship-at-mindpal-3708511374?refId=KRYwiZsMKT8pxlEu99G6Pg%3D%3D&trackingId=nnyOhJlLdqoxRVWh0IN%2BjQ%3D%3D&position=22&pageNum=0&trk=public_jobs_jserp-result_search-card
UI/UX Designer (internship),MindPal,"Minneapolis, MN",https://www.linkedin.com/jobs/view/ui-ux-designer-internship-at-mindpal-3708512061?refId=KRYwiZsMKT8pxlEu99G6Pg%3D%3D&trackingId=Bbtf0m6jV3WYPO4fDx8pQg%3D%3D&position=23&pageNum=0&trk=public_jobs_jserp-result_search-card
UI/UX Designer (internship),MindPal,"Warren, MI",https://www.linkedin.com/jobs/view/ui-ux-designer-internship-at-mindpal-3708511214?refId=KRYwiZsMKT8pxlEu99G6Pg%3D%3D&trackingId=0BPeDGAl35gk8DWDzjXZ0w%3D%3D&position=24&pageNum=0&trk=public_jobs_jserp-result_search-card
UI/UX Designer (internship),MindPal,"Miami, FL",https://www.linkedin.com/jobs/view/ui-ux-designer-internship-at-mindpal-3708510324?refId=KRYwiZsMKT8pxlEu99G6Pg%3D%3D&trackingId=qRG8RR7HCuGiXIlWDONtow%3D%3D&position=25&pageNum=0&trk=public_jobs_jserp-result_search-card
UI/UX Designer (internship),MindPal,"New York, United States",https://www.linkedin.com/jobs/view/ui-ux-designer-internship-at-mindpal-3708510304?refId=DSRAKdWTMfpLmAhxRTqtwQ%3D%3D&trackingId=4eN3lAL5OPDIt4skaOHn4Q%3D%3D&position=1&pageNum=0&trk=public_jobs_jserp-result_search-card
UI/UX Designer (internship),MindPal,"Philadelphia, PA",https://www.linkedin.com/jobs/view/ui-ux-designer-internship-at-mindpal-3708513031?refId=DSRAKdWTMfpLmAhxRTqtwQ%3D%3D&trackingId=ZzMU0ZsFObHBLM15yMDskQ%3D%3D&position=2&pageNum=0&trk=public_jobs_jserp-result_search-card
UI/UX Designer (internship),MindPal,"San Francisco, CA",https://www.linkedin.com/jobs/view/ui-ux-designer-internship-at-mindpal-3708510300?refId=DSRAKdWTMfpLmAhxRTqtwQ%3D%3D&trackingId=3Wkt1JnYFWIKun06dCSTwg%3D%3D&position=3&pageNum=0&trk=public_jobs_jserp-result_search-card
UI/UX Designer (internship),MindPal,"Los Angeles, CA",https://www.linkedin.com/jobs/view/ui-ux-designer-internship-at-mindpal-3708507730?refId=DSRAKdWTMfpLmAhxRTqtwQ%3D%3D&trackingId=zvi0duLIzi6ZugbI7WTXNg%3D%3D&position=4&pageNum=0&trk=public_jobs_jserp-result_search-card
UI/UX Designer (internship),MindPal,"San Jose, CA",https://www.linkedin.com/jobs/view/ui-ux-designer-internship-at-mindpal-3708509585?refId=DSRAKdWTMfpLmAhxRTqtwQ%3D%3D&trackingId=hEJADmrcyFFaz05ex0kmPQ%3D%3D&position=5&pageNum=0&trk=public_jobs_jserp-result_search-card
UI/UX Designer (internship),MindPal,"Chicago, IL",https://www.linkedin.com/jobs/view/ui-ux-designer-internship-at-mindpal-3708509715?refId=DSRAKdWTMfpLmAhxRTqtwQ%3D%3D&trackingId=1S5xMW4wFtY2voxLZQzoNQ%3D%3D&position=6&pageNum=0&trk=public_jobs_jserp-result_search-card
UI/UX Designer (internship),MindPal,"Tampa, FL",https://www.linkedin.com/jobs/view/ui-ux-designer-internship-at-mindpal-3708511408?refId=DSRAKdWTMfpLmAhxRTqtwQ%3D%3D&trackingId=oiOWGgbbqfzqh9PVOOC%2FWw%3D%3D&position=7&pageNum=0&trk=public_jobs_jserp-result_search-card
UI/UX Designer (internship),MindPal,"Boston, MA",https://www.linkedin.com/jobs/view/ui-ux-designer-internship-at-mindpal-3708506862?refId=DSRAKdWTMfpLmAhxRTqtwQ%3D%3D&trackingId=Nj4QdkcUuCrsfATXaKlZ7Q%3D%3D&position=8&pageNum=0&trk=public_jobs_jserp-result_search-card
UI/UX Designer (internship),MindPal,"Seattle, WA",https://www.linkedin.com/jobs/view/ui-ux-designer-internship-at-mindpal-3708510339?refId=DSRAKdWTMfpLmAhxRTqtwQ%3D%3D&trackingId=TiEHHEQJqGoRpJWHnL0nNg%3D%3D&position=9&pageNum=0&trk=public_jobs_jserp-result_search-card
UI/UX Designer,AddSource,United States,https://www.linkedin.com/jobs/view/ui-ux-designer-at-addsource-3716015218?refId=DSRAKdWTMfpLmAhxRTqtwQ%3D%3D&trackingId=5buWXTCyEHK%2B8CEgmbslxQ%3D%3D&position=10&pageNum=0&trk=public_jobs_jserp-result_search-card
UI/UX Designer (internship),MindPal,"Atlanta, GA",https://www.linkedin.com/jobs/view/ui-ux-designer-internship-at-mindpal-3708506982?refId=DSRAKdWTMfpLmAhxRTqtwQ%3D%3D&trackingId=LR2vlPbH%2ByjPvchZctyYZw%3D%3D&position=11&pageNum=0&trk=public_jobs_jserp-result_search-card
UI/UX Designer (internship),MindPal,"Austin, TX",https://www.linkedin.com/jobs/view/ui-ux-designer-internship-at-mindpal-3708509633?refId=DSRAKdWTMfpLmAhxRTqtwQ%3D%3D&trackingId=73CQyc7sOWW2lAm60kftNw%3D%3D&position=12&pageNum=0&trk=public_jobs_jserp-result_search-card
UI / UX Designer,Chicago Bulls,"Chicago, IL",https://www.linkedin.com/jobs/view/ui-ux-designer-at-chicago-bulls-3707583475?refId=DSRAKdWTMfpLmAhxRTqtwQ%3D%3D&trackingId=aXP8YSWBwjVqiLQQnB5sXw%3D%3D&position=13&pageNum=0&trk=public_jobs_jserp-result_search-card
UI/UX Designer,PathSpot,"New York, NY",https://www.linkedin.com/jobs/view/ui-ux-designer-at-pathspot-3667162946?refId=DSRAKdWTMfpLmAhxRTqtwQ%3D%3D&trackingId=z3JeQ2U71ApbiOVpDuKM8A%3D%3D&position=14&pageNum=0&trk=public_jobs_jserp-result_search-card
UI/UX Designer (internship),MindPal,"Orlando, FL",https://www.linkedin.com/jobs/view/ui-ux-designer-internship-at-mindpal-3708510313?refId=DSRAKdWTMfpLmAhxRTqtwQ%3D%3D&trackingId=TxK%2FldeKniXUXJdYkoPeHQ%3D%3D&position=15&pageNum=0&trk=public_jobs_jserp-result_search-card
UI/UX Designer (internship),MindPal,"Dallas, TX",https://www.linkedin.com/jobs/view/ui-ux-designer-internship-at-mindpal-3708512049?refId=DSRAKdWTMfpLmAhxRTqtwQ%3D%3D&trackingId=zdlruEKSrptC0F%2F4WuQGgQ%3D%3D&position=16&pageNum=0&trk=public_jobs_jserp-result_search-card
UI/UX Designer (internship),MindPal,"William Paterson University of New Jersey, NJ",https://www.linkedin.com/jobs/view/ui-ux-designer-internship-at-mindpal-3708510318?refId=DSRAKdWTMfpLmAhxRTqtwQ%3D%3D&trackingId=upuhoSCVCxfJBQyOw4W7MA%3D%3D&position=17&pageNum=0&trk=public_jobs_jserp-result_search-card
UI/UX Designer (internship),MindPal,"Detroit, MI",https://www.linkedin.com/jobs/view/ui-ux-designer-internship-at-mindpal-3708506845?refId=DSRAKdWTMfpLmAhxRTqtwQ%3D%3D&trackingId=ZmCSNoNnFmyQRKvQvhK6pg%3D%3D&position=18&pageNum=0&trk=public_jobs_jserp-result_search-card
"UX, UI and/or Hybrid Designers",HOO KOO E KOO,United States,https://www.linkedin.com/jobs/view/ux-ui-and-or-hybrid-designers-at-hoo-koo-e-koo-3719413171?refId=DSRAKdWTMfpLmAhxRTqtwQ%3D%3D&trackingId=JM8wjlGyT20vEVoKUpFuXQ%3D%3D&position=19&pageNum=0&trk=public_jobs_jserp-result_search-card
UI/UX Designer (internship),MindPal,"Indianapolis, IN",https://www.linkedin.com/jobs/view/ui-ux-designer-internship-at-mindpal-3708512037?refId=DSRAKdWTMfpLmAhxRTqtwQ%3D%3D&trackingId=qL7ByadBvCC3phb1thT8Tg%3D%3D&position=20&pageNum=0&trk=public_jobs_jserp-result_search-card
UI/UX Designer (internship),MindPal,"Nashville, TN",https://www.linkedin.com/jobs/view/ui-ux-designer-internship-at-mindpal-3708514008?refId=DSRAKdWTMfpLmAhxRTqtwQ%3D%3D&trackingId=Y6i%2BD3D7b2bzgxpH0d1HjA%3D%3D&position=21&pageNum=0&trk=public_jobs_jserp-result_search-card
UI/UX Designer (internship),MindPal,"Newark, NJ",https://www.linkedin.com/jobs/view/ui-ux-designer-internship-at-mindpal-3708511374?refId=DSRAKdWTMfpLmAhxRTqtwQ%3D%3D&trackingId=1kqWYr%2BIv0B178TBugQ36A%3D%3D&position=22&pageNum=0&trk=public_jobs_jserp-result_search-card
UI/UX Designer (internship),MindPal,"Minneapolis, MN",https://www.linkedin.com/jobs/view/ui-ux-designer-internship-at-mindpal-3708512061?refId=DSRAKdWTMfpLmAhxRTqtwQ%3D%3D&trackingId=pywsAad5s82Pqq5YSiEHVQ%3D%3D&position=23&pageNum=0&trk=public_jobs_jserp-result_search-card
UI/UX Designer (internship),MindPal,"Warren, MI",https://www.linkedin.com/jobs/view/ui-ux-designer-internship-at-mindpal-3708511214?refId=DSRAKdWTMfpLmAhxRTqtwQ%3D%3D&trackingId=agux54Hym3BLJ8fmngrphg%3D%3D&position=24&pageNum=0&trk=public_jobs_jserp-result_search-card
UI/UX Designer (internship),MindPal,"Miami, FL",https://www.linkedin.com/jobs/view/ui-ux-designer-internship-at-mindpal-3708510324?refId=DSRAKdWTMfpLmAhxRTqtwQ%3D%3D&trackingId=bUKmZO7OFdLLHxiS97qKrA%3D%3D&position=25&pageNum=0&trk=public_jobs_jserp-result_search-card
UI/UX Designer (internship),MindPal,"New York, United States",https://www.linkedin.com/jobs/view/ui-ux-designer-internship-at-mindpal-3708510304?refId=56K01UUniFcJvPjDD1vVcA%3D%3D&trackingId=wHe3rriaDT9vlGhsfhQCzg%3D%3D&position=1&pageNum=0&trk=public_jobs_jserp-result_search-card
UI/UX Designer (internship),MindPal,"Philadelphia, PA",https://www.linkedin.com/jobs/view/ui-ux-designer-internship-at-mindpal-3708513031?refId=56K01UUniFcJvPjDD1vVcA%3D%3D&trackingId=7wLcFK3erLlMHXj79HoQEQ%3D%3D&position=2&pageNum=0&trk=public_jobs_jserp-result_search-card
UI/UX Designer (internship),MindPal,"San Francisco, CA",https://www.linkedin.com/jobs/view/ui-ux-designer-internship-at-mindpal-3708510300?refId=56K01UUniFcJvPjDD1vVcA%3D%3D&trackingId=rUrmUOM85mx5qkFmCUZu7g%3D%3D&position=3&pageNum=0&trk=public_jobs_jserp-result_search-card
UI/UX Designer (internship),MindPal,"Los Angeles, CA",https://www.linkedin.com/jobs/view/ui-ux-designer-internship-at-mindpal-3708507730?refId=56K01UUniFcJvPjDD1vVcA%3D%3D&trackingId=MclitI5NhXjgD%2F4pJrUjiA%3D%3D&position=4&pageNum=0&trk=public_jobs_jserp-result_search-card
UI/UX Designer (internship),MindPal,"San Jose, CA",https://www.linkedin.com/jobs/view/ui-ux-designer-internship-at-mindpal-3708509585?refId=56K01UUniFcJvPjDD1vVcA%3D%3D&trackingId=LI4FpceBYHvM8%2FdPka2qkw%3D%3D&position=5&pageNum=0&trk=public_jobs_jserp-result_search-card
UI/UX Designer (internship),MindPal,"Chicago, IL",https://www.linkedin.com/jobs/view/ui-ux-designer-internship-at-mindpal-3708509715?refId=56K01UUniFcJvPjDD1vVcA%3D%3D&trackingId=0WsiWFvLhxi0hDra9a%2FCrw%3D%3D&position=6&pageNum=0&trk=public_jobs_jserp-result_search-card
UI/UX Designer (internship),MindPal,"Tampa, FL",https://www.linkedin.com/jobs/view/ui-ux-designer-internship-at-mindpal-3708511408?refId=56K01UUniFcJvPjDD1vVcA%3D%3D&trackingId=a8uwwD6gXLqLzj3UnG8hjA%3D%3D&position=7&pageNum=0&trk=public_jobs_jserp-result_search-card
UI/UX Designer (internship),MindPal,"Boston, MA",https://www.linkedin.com/jobs/view/ui-ux-designer-internship-at-mindpal-3708506862?refId=56K01UUniFcJvPjDD1vVcA%3D%3D&trackingId=NpaU8ZAp23spS2xvNqQnHg%3D%3D&position=8&pageNum=0&trk=public_jobs_jserp-result_search-card
UI/UX Designer (internship),MindPal,"Seattle, WA",https://www.linkedin.com/jobs/view/ui-ux-designer-internship-at-mindpal-3708510339?refId=56K01UUniFcJvPjDD1vVcA%3D%3D&trackingId=bGkIQRwIm%2BEempzJIn3rzQ%3D%3D&position=9&pageNum=0&trk=public_jobs_jserp-result_search-card
UI/UX Designer,AddSource,United States,https://www.linkedin.com/jobs/view/ui-ux-designer-at-addsource-3716015218?refId=56K01UUniFcJvPjDD1vVcA%3D%3D&trackingId=DIj5kJ0mx83VUwP5OxU0sA%3D%3D&position=10&pageNum=0&trk=public_jobs_jserp-result_search-card
UI/UX Designer (internship),MindPal,"Atlanta, GA",https://www.linkedin.com/jobs/view/ui-ux-designer-internship-at-mindpal-3708506982?refId=56K01UUniFcJvPjDD1vVcA%3D%3D&trackingId=m6CgMOiT5%2F9naWO1oFixMQ%3D%3D&position=11&pageNum=0&trk=public_jobs_jserp-result_search-card
UI/UX Designer (internship),MindPal,"Austin, TX",https://www.linkedin.com/jobs/view/ui-ux-designer-internship-at-mindpal-3708509633?refId=56K01UUniFcJvPjDD1vVcA%3D%3D&trackingId=p%2BGyZ4e7Azs0rTXFY6LXDQ%3D%3D&position=12&pageNum=0&trk=public_jobs_jserp-result_search-card
UI / UX Designer,Chicago Bulls,"Chicago, IL",https://www.linkedin.com/jobs/view/ui-ux-designer-at-chicago-bulls-3707583475?refId=56K01UUniFcJvPjDD1vVcA%3D%3D&trackingId=Z81RZstChR73dNdX%2FbMcKQ%3D%3D&position=13&pageNum=0&trk=public_jobs_jserp-result_search-card
UI/UX Designer,PathSpot,"New York, NY",https://www.linkedin.com/jobs/view/ui-ux-designer-at-pathspot-3667162946?refId=56K01UUniFcJvPjDD1vVcA%3D%3D&trackingId=lLlNxuDN19H69t1ipd7tKA%3D%3D&position=14&pageNum=0&trk=public_jobs_jserp-result_search-card
UI/UX Designer (internship),MindPal,"Orlando, FL",https://www.linkedin.com/jobs/view/ui-ux-designer-internship-at-mindpal-3708510313?refId=56K01UUniFcJvPjDD1vVcA%3D%3D&trackingId=5HMfPL61%2B1sttGkbVTPEfQ%3D%3D&position=15&pageNum=0&trk=public_jobs_jserp-result_search-card
UI/UX Designer (internship),MindPal,"Dallas, TX",https://www.linkedin.com/jobs/view/ui-ux-designer-internship-at-mindpal-3708512049?refId=56K01UUniFcJvPjDD1vVcA%3D%3D&trackingId=yw4bhD5OP5p06wwz34nFeg%3D%3D&position=16&pageNum=0&trk=public_jobs_jserp-result_search-card
UI/UX Designer (internship),MindPal,"William Paterson University of New Jersey, NJ",https://www.linkedin.com/jobs/view/ui-ux-designer-internship-at-mindpal-3708510318?refId=56K01UUniFcJvPjDD1vVcA%3D%3D&trackingId=Dio%2Fv7cvCunMAo88mOZ7VA%3D%3D&position=17&pageNum=0&trk=public_jobs_jserp-result_search-card
UI/UX Designer (internship),MindPal,"Detroit, MI",https://www.linkedin.com/jobs/view/ui-ux-designer-internship-at-mindpal-3708506845?refId=56K01UUniFcJvPjDD1vVcA%3D%3D&trackingId=yiTm3s9DJmU9mFzdCKqYYA%3D%3D&position=18&pageNum=0&trk=public_jobs_jserp-result_search-card
"UX, UI and/or Hybrid Designers",HOO KOO E KOO,United States,https://www.linkedin.com/jobs/view/ux-ui-and-or-hybrid-designers-at-hoo-koo-e-koo-3719413171?refId=56K01UUniFcJvPjDD1vVcA%3D%3D&trackingId=vvwmyJgGj0OgrqqwMs4uxg%3D%3D&position=19&pageNum=0&trk=public_jobs_jserp-result_search-card
UI/UX Designer (internship),MindPal,"Indianapolis, IN",https://www.linkedin.com/jobs/view/ui-ux-designer-internship-at-mindpal-3708512037?refId=56K01UUniFcJvPjDD1vVcA%3D%3D&trackingId=FEUMRy1rufUZMruAznAGjw%3D%3D&position=20&pageNum=0&trk=public_jobs_jserp-result_search-card
UI/UX Designer (internship),MindPal,"Nashville, TN",https://www.linkedin.com/jobs/view/ui-ux-designer-internship-at-mindpal-3708514008?refId=56K01UUniFcJvPjDD1vVcA%3D%3D&trackingId=YVLXfgwd9mb%2Fe0%2FFsnOngQ%3D%3D&position=21&pageNum=0&trk=public_jobs_jserp-result_search-card
UI/UX Designer (internship),MindPal,"Newark, NJ",https://www.linkedin.com/jobs/view/ui-ux-designer-internship-at-mindpal-3708511374?refId=56K01UUniFcJvPjDD1vVcA%3D%3D&trackingId=Ik7QwRUXwST8llEgSZohqA%3D%3D&position=22&pageNum=0&trk=public_jobs_jserp-result_search-card
UI/UX Designer (internship),MindPal,"Minneapolis, MN",https://www.linkedin.com/jobs/view/ui-ux-designer-internship-at-mindpal-3708512061?refId=56K01UUniFcJvPjDD1vVcA%3D%3D&trackingId=cwUdpUfuGUpCwwtDjOTD1w%3D%3D&position=23&pageNum=0&trk=public_jobs_jserp-result_search-card
UI/UX Designer (internship),MindPal,"Warren, MI",https://www.linkedin.com/jobs/view/ui-ux-designer-internship-at-mindpal-3708511214?refId=56K01UUniFcJvPjDD1vVcA%3D%3D&trackingId=hSn5PT7c2JUSdi6%2FC%2FfM9A%3D%3D&position=24&pageNum=0&trk=public_jobs_jserp-result_search-card
UI/UX Designer (internship),MindPal,"Miami, FL",https://www.linkedin.com/jobs/view/ui-ux-designer-internship-at-mindpal-3708510324?refId=56K01UUniFcJvPjDD1vVcA%3D%3D&trackingId=HD%2FVOudeZP%2FJT6nlOr1pFw%3D%3D&position=25&pageNum=0&trk=public_jobs_jserp-result_search-card
